kind,method,metric,n,mean,std,median,q1,q3,ci95_low,ci95_high
abrupt_intervention,Arrival interpolation,rmse,20,0.123138629393075,0.1019801374983644,0.0791866141021711,0.0614110638991265,0.1551550908099679,0.0838528401086471,0.1689491426231447
abrupt_intervention,Arrival interpolation,mae,20,0.036563078802981,0.0203426168190542,0.0302738442855355,0.0239763452328068,0.0454220289550716,0.0287537497992278,0.0458517053476631
abrupt_intervention,Arrival interpolation,r2,20,-22.11356832163361,35.11741513771525,-4.53578472684772,-21.51524634946569,-2.394452492063019,-38.67593425227393,-9.242636999321917
abrupt_intervention,Arrival interpolation,runtime_seconds,20,0.01620723824999,0.0069813251836587,0.014962384499995,0.0109501420001834,0.0174790007501997,0.0134598432750453,0.0193918042423956
abrupt_intervention,Delay-aware state-space (internal),rmse,20,0.0672168050740204,0.0492352161737267,0.0523202916161556,0.0391146839502883,0.0703784599292527,0.0488389621005208,0.0892856779085292
abrupt_intervention,Delay-aware state-space (internal),mae,20,0.0369573332455153,0.0198609954130139,0.0292327257783036,0.0262080651553256,0.0411109550461824,0.0295267044532991,0.0459769367617211
abrupt_intervention,Delay-aware state-space (internal),r2,20,-5.311931416660475,9.753853790738123,-1.3775222713602395,-4.031184365286821,-0.4335108921134787,-9.992023807833494,-1.8357896730187508
abrupt_intervention,Delay-aware state-space (internal),runtime_seconds,20,0.0457474193000962,0.0177013154447603,0.0502244945000711,0.0303897885003152,0.05537250999987,0.0382878354764181,0.053282663926401
abrupt_intervention,Kalman/RTS smoother (internal),rmse,20,0.0691429633658889,0.0415781683622819,0.0537065221776957,0.0389492179804528,0.0820488997655755,0.0530729421002571,0.0872875483182381
abrupt_intervention,Kalman/RTS smoother (internal),mae,20,0.0400231091260021,0.0187264936897355,0.0322037577058926,0.0290572973655221,0.0443769618746326,0.0330020668071153,0.0483985778211005
abrupt_intervention,Kalman/RTS smoother (internal),r2,20,-4.978579921380553,7.233845571341279,-2.046456123676263,-5.8129066375838585,-0.4207265957726093,-8.282966004988392,-2.292701158487473
abrupt_intervention,Kalman/RTS smoother (internal),runtime_seconds,20,0.0258627878500192,0.0117021086819191,0.0242661820007015,0.0173449794999669,0.0345641882499876,0.0210011212450979,0.030836728525029
abrupt_intervention,No-delay ablation,rmse,20,0.051142334725869,0.0212384619422517,0.0466458752334065,0.0366169325086186,0.0601824903628379,0.0426752229016384,0.0607505624665414
abrupt_intervention,No-delay ablation,mae,20,0.0344946023058723,0.0114683254191478,0.0310200011156983,0.0276103024811869,0.039250836121675,0.0299894222764267,0.0397576063034341
abrupt_intervention,No-delay ablation,r2,20,-1.851056126803824,2.448837264425161,-1.1280597977105105,-2.5166836243517565,-0.1535116565262738,-3.00711008186078,-0.9005053329275949
abrupt_intervention,No-delay ablation,runtime_seconds,20,6.922642454850029,1.589658461073708,7.215983640499871,6.078565323500015,8.136166996250495,6.226080704518762,7.580655075830148
abrupt_intervention,No-robustness ablation,rmse,20,0.0600664132623759,0.0418260301514355,0.0442644175391065,0.0327955307432672,0.0696901511803434,0.0441204342771085,0.079104583784498
abrupt_intervention,No-robustness ablation,mae,20,0.0367221370433754,0.017740844583998,0.0299984622511947,0.026474803791101,0.0408383365675009,0.0298501993405836,0.044752447514744
abrupt_intervention,No-robustness ablation,r2,20,-3.898253304558768,7.3055097292829,-0.7015946710986333,-3.4659097301788053,-0.0451197147999968,-7.344384133102871,-1.2662956801777656
abrupt_intervention,No-robustness ablation,runtime_seconds,20,6.066864744300119,1.8413900781367547,5.980988187000548,4.7871351944995695,7.094573477500262,5.325743393527681,6.869423881436301
abrupt_intervention,Proposed revised,rmse,20,0.0498510748456419,0.0249240410196877,0.0416592055730555,0.0328076792705294,0.0572702423201818,0.0403077067497058,0.0612775044049069
abrupt_intervention,Proposed revised,mae,20,0.0337088770375496,0.0130757514673088,0.0299314015734022,0.0257382242266164,0.0365089293035994,0.028730457306745,0.0397608186358021
abrupt_intervention,Proposed revised,r2,20,-1.8607399740910997,3.0845819720168657,-0.5423577384777986,-2.0719608650596983,-0.0418517668315402,-3.3110074784586074,-0.7132472288743884
abrupt_intervention,Proposed revised,runtime_seconds,20,6.697153914500087,1.7389371047702762,6.767696649999834,5.842868287250212,7.641457555250099,5.94722983799393,7.441240989178848
nonlinear_dynamics,Arrival interpolation,rmse,20,0.1294234010620525,0.0617163030664748,0.1206995722501528,0.0891046660384815,0.1442657285741355,0.105501893686218,0.1567129173564048
nonlinear_dynamics,Arrival interpolation,mae,20,0.0540664874659058,0.0183032112054288,0.0486841134950688,0.041925302517503,0.0613112569613595,0.046880523152398,0.0622868119783772
nonlinear_dynamics,Arrival interpolation,r2,20,-2.563464991196584,3.6660623789608993,-1.2806947867073144,-2.467732091226628,-0.2427927155667452,-4.242866835409178,-1.2129224968076404
nonlinear_dynamics,Arrival interpolation,runtime_seconds,20,0.0227317775000301,0.0138327307779398,0.0156183770002371,0.011410315500143,0.0360022342497359,0.0171059883312142,0.028993288958859
nonlinear_dynamics,Delay-aware state-space (internal),rmse,20,0.0737346398235576,0.0319514158130083,0.0619324014280867,0.0520879807321211,0.0907450298206753,0.0614352704660864,0.0879299912417364
nonlinear_dynamics,Delay-aware state-space (internal),mae,20,0.0466483418876292,0.0156069066767311,0.0431551289132712,0.0360461633704485,0.0515034299670675,0.0407156326909495,0.0538211800094755
nonlinear_dynamics,Delay-aware state-space (internal),r2,20,-0.1294631820649733,1.107982792057899,0.2563992793940258,-0.3470380290475033,0.591121361074786,-0.641009376364335,0.2754507470316492
nonlinear_dynamics,Delay-aware state-space (internal),runtime_seconds,20,0.0511375396000403,0.0180135303565474,0.0503458524999587,0.0368862042499813,0.0590392102501482,0.043488020651294,0.0590286545249989
nonlinear_dynamics,Kalman/RTS smoother (internal),rmse,20,0.0794611970955937,0.025537158345104,0.0747287254207119,0.0592322078491954,0.0950753425881543,0.0693519150493477,0.0907032567083759
nonlinear_dynamics,Kalman/RTS smoother (internal),mae,20,0.0541583989826763,0.0143061850989069,0.0519077226213914,0.0446012605024405,0.0599000064290599,0.0486954079322175,0.0606475828251259
nonlinear_dynamics,Kalman/RTS smoother (internal),r2,20,-0.2072063369355101,0.879884041167628,0.0687853156626656,-0.4970399369815493,0.4111731657276748,-0.6148453064250908,0.1221349762403403
nonlinear_dynamics,Kalman/RTS smoother (internal),runtime_seconds,20,0.024074818349959,0.0121472452942739,0.0200771899999381,0.0164207555000075,0.0305649962502911,0.0190266270236975,0.0294431813324973
nonlinear_dynamics,No-delay ablation,rmse,20,0.1009880711481278,0.0102822137098426,0.1009528417806643,0.0919903141503347,0.1078457509082186,0.0964909939966004,0.1053664063631664
nonlinear_dynamics,No-delay ablation,mae,20,0.0821686214597253,0.0098207647726398,0.0815867604925071,0.0739408808606578,0.0892003992392058,0.0779619846210186,0.0863276731626071
nonlinear_dynamics,No-delay ablation,r2,20,-0.7650580921019181,0.5170750333162246,-0.6973629262571148,-1.214034255922709,-0.4061981553325299,-0.9828304769902394,-0.5466585793414303
nonlinear_dynamics,No-delay ablation,runtime_seconds,20,7.292296059049955,2.22680415773963,7.910352909999801,6.176017873250089,8.955760273250121,6.311546568236108,8.190006115633766
nonlinear_dynamics,No-robustness ablation,rmse,20,0.1077417088920146,0.0136252473555988,0.1035202081279037,0.0963686912714762,0.1188030264123457,0.1022640412067256,0.1137321088739019
nonlinear_dynamics,No-robustness ablation,mae,20,0.0862415489781133,0.0108841273977595,0.0841358107951948,0.078102540240758,0.0955322464294992,0.0818860099026408,0.091009391066889
nonlinear_dynamics,No-robustness ablation,r2,20,-1.0247854301125503,0.7046759928440673,-0.8557337295649174,-1.39887166807399,-0.4828027193681918,-1.3470701399507188,-0.730440646436682
nonlinear_dynamics,No-robustness ablation,runtime_seconds,20,6.5462556145499775,2.1577678851371997,7.032536215500159,4.218336764749893,8.333314094999992,5.591833383781194,7.461433616066244
nonlinear_dynamics,Proposed revised,rmse,20,0.1048058769440034,0.0109490966003308,0.1029411303878781,0.0963788447471216,0.112433668148627,0.1002564377170033,0.1096236294328539
nonlinear_dynamics,Proposed revised,mae,20,0.0847203181054196,0.009728161414961,0.0817408734077506,0.0776728944748506,0.0940609190514888,0.0806835649409047,0.0889704301793206
nonlinear_dynamics,Proposed revised,r2,20,-0.9019100138691172,0.5859998712698926,-0.8027425625803333,-1.3256182642143557,-0.4612262143913134,-1.157332277470179,-0.6596056578692485
nonlinear_dynamics,Proposed revised,runtime_seconds,20,6.657489282299911,1.8496838059926737,6.987581984500139,5.3519653217501855,8.18731953775,5.842745092336185,7.42296296895867
nonstationary_delays,Arrival interpolation,rmse,20,0.1373055235856237,0.0413845117557376,0.1232700740281744,0.1159602791482663,0.1495350274316733,0.1206120892398575,0.1558305863911366
nonstationary_delays,Arrival interpolation,mae,20,0.0834253042402038,0.0114852783697834,0.0823596799618339,0.0765940210136531,0.0900055236241743,0.0785611496616704,0.0882917689383326
nonstationary_delays,Arrival interpolation,r2,20,-3.161762586641534,3.3201283987932984,-1.8585800001134345,-3.559529087478777,-1.4711518306458695,-4.74028631160967,-1.926307505727596
nonstationary_delays,Arrival interpolation,runtime_seconds,20,0.0153211768499659,0.0077713963427845,0.0135120239997377,0.0104741357504281,0.0169946075000098,0.0121611810011711,0.0187752066398945
nonstationary_delays,Delay-aware state-space (internal),rmse,20,0.0846974693690108,0.0212848429420766,0.078817421775851,0.0721028139489602,0.096293481081952,0.0760536916326024,0.0941709333068851
nonstationary_delays,Delay-aware state-space (internal),mae,20,0.0599819578258264,0.0093860440266955,0.0596293869062098,0.0529664385938782,0.0661504340810687,0.0561065018511949,0.0639884982706727
nonstationary_delays,Delay-aware state-space (internal),r2,20,-0.5015911178604189,0.8471364632271006,-0.2580211963847704,-0.7778065399260479,0.0854784622454316,-0.8934116815270179,-0.1710941547705429
nonstationary_delays,Delay-aware state-space (internal),runtime_seconds,20,0.0391456574499443,0.016666206976406,0.0341000584999164,0.0244871780000721,0.0499146420002034,0.0321241089325485,0.0464448557437174
nonstationary_delays,Kalman/RTS smoother (internal),rmse,20,0.0929336981924936,0.0184064743573764,0.0884559965947458,0.0804295199327516,0.0997044226404616,0.0857194361767244,0.1015938656007375
nonstationary_delays,Kalman/RTS smoother (internal),mae,20,0.0718857978264781,0.0101323864814523,0.0693637136452595,0.0649502270765378,0.0760218974151442,0.0679018811327183,0.0767178340054186
nonstationary_delays,Kalman/RTS smoother (internal),r2,20,-0.7445750178077402,0.7452968392441167,-0.5467077148486966,-1.1010310207204532,-0.2211279983340106,-1.080942991447281,-0.4477125590363603
nonstationary_delays,Kalman/RTS smoother (internal),runtime_seconds,20,0.0193197599000995,0.0088792010151956,0.0195935860001554,0.0106885820002844,0.0253632429996741,0.0154437482162973,0.0232043564912964
nonstationary_delays,No-delay ablation,rmse,20,0.0838360262264822,0.0067327188905482,0.0832367787299647,0.0797416817875454,0.089901335858021,0.0808434847346176,0.086679725451156
nonstationary_delays,No-delay ablation,mae,20,0.0677919459216587,0.0045864840503487,0.0672192107704642,0.0658061704528185,0.0713198390029993,0.0657423480900718,0.0696634569060892
nonstationary_delays,No-delay ablation,r2,20,-0.3816733077237697,0.3090190808337296,-0.2927584013318889,-0.4704643846019187,-0.1924896484334974,-0.5233525179006612,-0.2605474056486725
nonstationary_delays,No-delay ablation,runtime_seconds,20,6.411378968100053,1.7794601564964967,6.554920548000155,5.587229144999583,7.586019911750327,5.634643464938648,7.155838380892594
nonstationary_delays,No-robustness ablation,rmse,20,0.0832477924848215,0.0139152313616605,0.0780609033409557,0.0750101759835636,0.0920941016081951,0.0776338506061908,0.0894981665889587
nonstationary_delays,No-robustness ablation,mae,20,0.0635042448593801,0.0063288627695232,0.0611457989868854,0.0594740375159952,0.068230852668299,0.0608078655805664,0.0661840918057106
nonstationary_delays,No-robustness ablation,r2,20,-0.3986332976557566,0.5743896707627667,-0.2031074793781622,-0.5622088259632605,0.0249487480457956,-0.6619882334152257,-0.1738259361194755
nonstationary_delays,No-robustness ablation,runtime_seconds,20,6.184597183699952,1.8615053032336972,6.432274204500118,3.964273486500133,7.49753957799976,5.385487081008643,6.969501375497512
nonstationary_delays,Proposed revised,rmse,20,0.0786918769475634,0.0079575185071976,0.0780669848364687,0.0731203053378125,0.0845585548670775,0.0753726428468367,0.0819520677521734
nonstationary_delays,Proposed revised,mae,20,0.0616975754155113,0.0049243054895816,0.0610231462789861,0.0583854201725947,0.0646857989428771,0.0596148702485429,0.0637058685612489
nonstationary_delays,Proposed revised,r2,20,-0.2212602503393199,0.3040151019379579,-0.1503396899354502,-0.4108189836770582,0.0255129479396863,-0.3506454493973451,-0.0955639680915334
nonstationary_delays,Proposed revised,runtime_seconds,20,6.688536764449964,1.9770839430518083,6.991909579000094,4.923229891999881,8.373975895000513,5.831913747851227,7.517550295221333
observation_model_mismatch,Arrival interpolation,rmse,20,0.1245821274011665,0.050715798473686,0.1010956540942571,0.0935963783726132,0.1389134089155768,0.1054675919075121,0.1482440675282115
observation_model_mismatch,Arrival interpolation,mae,20,0.0760534685788019,0.0143449811122611,0.0729492606756549,0.0666200310793173,0.0810513002979171,0.0706473528955474,0.0827175788434407
observation_model_mismatch,Arrival interpolation,r2,20,-2.5569343062891203,3.4361753797067687,-1.1490956441381812,-2.897015405826399,-0.5703615562841355,-4.203902571912557,-1.3170242386234934
observation_model_mismatch,Arrival interpolation,runtime_seconds,20,0.0166076873500969,0.0098118202478743,0.0129999275004593,0.0105951950001781,0.0230217897501461,0.0127347363613239,0.0210130552565215
observation_model_mismatch,Delay-aware state-space (internal),rmse,20,0.068602032638675,0.0255602443395639,0.0617158928500773,0.0523963911709829,0.0737117904270492,0.0590102458715903,0.080356809082504
observation_model_mismatch,Delay-aware state-space (internal),mae,20,0.0488908381161797,0.0126188843495261,0.0462853193711902,0.0413707191803387,0.051743548715296,0.0440526207500047,0.0545417511083341
observation_model_mismatch,Delay-aware state-space (internal),r2,20,-0.0515327445820932,0.9515439669045204,0.2823589684148267,-0.1390366799453388,0.4873591036204645,-0.5047287383301966,0.2893674897023169
observation_model_mismatch,Delay-aware state-space (internal),runtime_seconds,20,0.0441363361999265,0.0188068727438796,0.0478562944995246,0.0258118119998016,0.0572936660000777,0.0360993681112245,0.0524706341861428
observation_model_mismatch,Kalman/RTS smoother (internal),rmse,20,0.0727395732413483,0.0223802912563938,0.0686595584618975,0.0567648716566344,0.0798028133021344,0.0639901462846077,0.082838430325089
observation_model_mismatch,Kalman/RTS smoother (internal),mae,20,0.0535416545272068,0.0127930466974485,0.0516095349806977,0.0457258753153275,0.0560712961674744,0.048591045309421,0.059238239692721
observation_model_mismatch,Kalman/RTS smoother (internal),r2,20,-0.1382145975349679,0.8236433253272982,0.1264071720321135,-0.3626861839515114,0.4410311667487758,-0.5263610655202826,0.1732751095060707
observation_model_mismatch,Kalman/RTS smoother (internal),runtime_seconds,20,0.021751069900074,0.0096972606148635,0.021215697000116,0.0138044815003013,0.0256282169996211,0.01770646882145,0.0261165573351252
observation_model_mismatch,No-delay ablation,rmse,20,0.066544344137568,0.0118278582572712,0.0667883407441972,0.0582841543007595,0.071210156396053,0.0616208570826096,0.0718161408359517
observation_model_mismatch,No-delay ablation,mae,20,0.0526353182422549,0.0087984593208609,0.0516000692152592,0.0472824455238695,0.0572337547384887,0.0489162909292293,0.0564933183787383
observation_model_mismatch,No-delay ablation,r2,20,0.1037191012550113,0.3668495595519715,0.26369535869314,-0.1605154172164931,0.3488176484436835,-0.0650251299083739,0.2545975403203243
observation_model_mismatch,No-delay ablation,runtime_seconds,20,6.229562683200129,1.2639890016333324,6.587749280500248,5.104653370749929,7.010701176000566,5.656869031668774,6.756777178115236
observation_model_mismatch,No-robustness ablation,rmse,20,0.0680502869237015,0.017804566035944,0.0622447468545498,0.058201223784302,0.073910148275204,0.0611584003241968,0.0764217340641491
observation_model_mismatch,No-robustness ablation,mae,20,0.0519448596814217,0.0106992096274602,0.0504720974935392,0.0464087580874965,0.0564956314904324,0.0477192259766251,0.0568201674750464
observation_model_mismatch,No-robustness ablation,r2,20,0.0293655274197968,0.6114061388980523,0.3066710814601075,-0.0618185927143126,0.3535572651005609,-0.2632378545772943,0.2611350537341754
observation_model_mismatch,No-robustness ablation,runtime_seconds,20,6.260513281849944,1.6297388870927014,6.89927341099974,4.73683638199941,7.492847870749983,5.555155487472349,6.945572521377527
observation_model_mismatch,Proposed revised,rmse,20,0.0649512588767683,0.012116589644322,0.0622074097648935,0.0582064661814255,0.0709162749649023,0.0599995166720627,0.0702476198574945
observation_model_mismatch,Proposed revised,mae,20,0.0508565271872218,0.0089863038052747,0.0505165138414267,0.0461857306412479,0.0558715501809575,0.0471662885800896,0.0546893366865848
observation_model_mismatch,Proposed revised,r2,20,0.1463641907377927,0.3679484973553679,0.3058302914852335,0.0192520989620576,0.3536077358560546,-0.0234207555930743,0.2910334984839419
observation_model_mismatch,Proposed revised,runtime_seconds,20,6.505739888700009,1.5034388267935723,6.60776044000022,5.336969390250033,7.418243044000519,5.870479942175157,7.144699890554902
