date,Baden-Württemberg,Bayern,Hessen,Niedersachsen,Nordrhein-Westfalen,Rheinland-Pfalz
2020-02-20,0.0101320602,0.0203576541,0.0010593575,0.0008329813,0.0507187777,0.0056932098
2020-02-21,0.0301719087,0.0155373026,0.0019862314,0.0011453477,0.0437458893,0.0042700489
2020-02-22,0.0218411565,0.0271429249,0.0023834948,0.0150980812,0.0845161409,0.0083366863
2020-02-23,0.0585422123,0.0205476590,0.0513780530,0.0027071673,0.1263095121,0.0372089925
2020-02-24,0.0611697172,0.0556811119,0.0193326478,0.0037483596,0.1956722715,0.0187065363
2020-02-25,0.1549124866,0.0634818404,0.1023604857,0.0081216145,0.2929223450,0.0597795574
2020-02-26,0.1711215565,0.1148538038,0.0749485870,0.0364431660,0.5084915012,0.1165098694
2020-02-27,0.1211379619,0.2148630655,0.0438301685,0.0408159211,0.4876625959,0.0874335806
2020-02-28,0.2663657161,0.2201894753,0.0638254999,0.0687206133,0.4952422712,0.0943467815
2020-02-29,0.3136527527,0.4013163287,0.0655468355,0.0630980177,0.3877124688,0.1185423743
2020-03-01,0.3481775221,0.3112589832,0.1023604380,0.0981867629,0.4978011857,0.2490831158
2020-03-02,0.5181012088,0.5324606210,0.1566517044,0.1934588971,0.5023996448,0.3436299758
2020-03-03,0.6695578861,0.5247240468,0.1687017353,0.2105395930,0.4779485394,0.2759204771
2020-03-04,0.8332580537,0.6849295782,0.1925373191,0.3803585992,0.6639939483,0.3418016973
2020-03-05,1.0404805241,0.7942583448,0.2310717329,0.3589127699,0.7455846592,0.4532168844
2020-03-06,1.3835306231,1.2630341602,0.5124616369,0.5401818797,1.0324078955,0.7033167406
2020-03-07,1.6054310516,1.6083718164,0.8310559379,0.7477052625,1.4589120458,1.1618388777
2020-03-08,2.4493285309,1.8861761666,1.5229565334,1.1271217646,1.8979647509,1.6679309026
2020-03-09,4.2261927654,3.1409532120,2.0147083640,1.5302831127,2.5700605336,2.1945612315
2020-03-10,5.1956206961,4.0145559617,2.6355035964,1.6978077250,3.3364462051,2.8844734434
2020-03-11,6.6870586739,4.8253741976,2.8857342439,2.5452116039,4.3028199382,3.8650607031
2020-03-12,7.0994951564,5.7710231281,3.3977716102,2.7374331551,4.4234297710,4.3104403655
2020-03-13,8.1239260264,7.3977432430,3.8878549611,4.0810048603,5.0760338444,4.9176542697
2020-03-14,7.7805426855,7.9575375777,3.9407425911,3.9350047936,5.3847939006,4.9650777586
2020-03-15,8.4694078912,9.0674384063,3.9395508198,3.6620465174,5.3380561957,4.8669904848
2020-03-16,10.6064166373,12.3880314300,5.0116364545,4.5066228554,6.5917457576,6.2603348485
2020-03-17,9.2806359482,11.0044357830,4.4182138241,4.1022582718,5.3006236343,6.4313531823
2020-03-18,9.5883623976,11.1834667752,3.8790565113,4.0752573181,5.7851270559,5.4207541447
2020-03-19,8.4546191526,10.4586823486,3.6034872180,3.7307171521,4.8545011400,4.6145841136
2020-03-20,9.8667725596,12.0252663148,3.6848454686,3.7808457159,5.3854465995,5.5621340180
2020-03-21,7.7226576534,10.6077670303,3.2286147773,3.1246388263,4.5699969373,3.8773020925
2020-03-22,6.9401694653,8.9363443416,2.3118979768,2.8422470841,4.0142377620,3.2602233413
2020-03-23,9.1388189706,11.7471727753,3.6343779288,4.2173215679,5.0263283120,4.8548808545
2020-03-24,6.9193823711,9.3271151551,2.9088434829,3.3203926171,4.3391256178,3.8049566281
2020-03-25,7.5960527218,10.3242854380,3.1311008756,3.8567257676,4.7177969794,3.5837234661
2020-03-26,6.9058365351,8.8163155719,3.0753784192,3.1830513477,4.3407434185,3.4007248210
2020-03-27,7.5678172191,9.3582943251,3.3664200813,3.1473416180,4.4179515630,2.8891508887
2020-03-28,7.0799329517,8.5020657627,2.8919521118,2.9830993521,4.0678371734,3.4507444507
2020-03-29,6.1798193522,7.3009789894,2.6518181503,2.6721323294,3.2580665496,2.8074188139
2020-03-30,8.4189352414,9.1561358012,3.7840167267,3.4310952779,4.6889052900,3.5957037774
2020-03-31,6.4852041013,7.5018894334,2.5945861169,2.7353053151,4.0981290972,2.8053692290
2020-04-01,7.2038809541,8.3822653003,3.0187247921,3.1437181675,4.6642310398,3.1028518265
2020-04-02,6.4454402275,7.7727228000,2.8554203504,2.9259238018,4.3731105901,3.0198997607
2020-04-03,6.4875277886,7.6260353452,2.7146165500,2.8818551467,4.4684046309,3.0373871112
2020-04-04,5.1854072798,6.3824073074,2.2750865464,2.3905152559,3.4943547123,2.0973767510
2020-04-05,4.3338749566,5.4572451540,2.2373471236,2.5089271200,3.2005788379,2.4178098185
2020-04-06,5.7515133464,6.4309606647,2.9569751511,2.6665722071,3.9425915048,2.5766136028
2020-04-07,5.0596759825,6.1110260032,2.7949737127,2.5975392273,3.5443335972,2.5005910856
2020-04-08,5.0184170232,5.7071884006,2.3626149940,2.3823187609,3.4064858189,2.2437659072
2020-04-09,4.6443123745,5.4342317759,2.3908250140,2.2337323002,3.2094767419,2.2045309977
2020-04-10,4.4495729684,4.7432216127,1.9848346314,1.7899633169,2.5877168759,2.0953418061
2020-04-11,3.5450821905,4.1865322576,1.8884330496,1.5694288730,2.2781144477,1.8114987077
2020-04-12,3.4144243159,3.6974599212,1.7795846089,1.6305527349,2.4097420612,1.8234716990
2020-04-13,3.4500902140,3.4785512500,1.7888597673,1.5876585775,2.3575094125,1.5264038985
2020-04-14,3.3452270697,3.6590053578,1.9130470985,1.6965657561,2.2515713587,1.7376892541
2020-04-15,3.3834868513,3.6736322470,1.8983644767,1.5612073887,2.4484577059,1.7295397145
2020-04-16,3.0654389072,3.3744355006,1.6401426058,1.4830033307,2.0576751534,1.5455162770
2020-04-17,2.9185422411,2.9196853651,1.9398063356,1.5158142999,1.9648914930,1.1736239905
2020-04-18,2.6072401953,2.7555019591,1.5134175963,1.3171455057,1.5378702044,0.9609380852
2020-04-19,2.3337025714,2.2692073619,1.6153855444,1.1869836661,1.4602715562,0.8257460062
2020-04-20,2.5960000335,2.7968255845,1.7369350885,1.1805414210,1.6816369019,1.2324104752
2020-04-21,2.4597310845,2.3701724702,1.4621809668,1.1181718418,1.5086716908,0.9629803501
2020-04-22,2.2825003920,2.3559032625,1.3857598273,1.0076903364,1.4512955516,1.0229624260
2020-04-23,2.1773580450,2.5486479146,1.3698854342,0.9753116823,1.3560684542,0.7565895982
2020-04-24,1.6930493739,1.9759618264,1.3599428840,0.9701064082,1.4246408901,0.7934016057
2020-04-25,1.5206011541,1.8655980666,1.0845118362,0.7446903018,1.2551734757,0.8503166243
2020-04-26,1.1774519832,1.5860509705,0.9950018703,0.8894159135,1.0605520494,0.8792060104
2020-04-27,1.6454227909,1.7195346518,1.1083472612,0.9362658793,1.4405511233,0.8981085504
2020-04-28,1.2754791637,1.5480758525,1.1141742281,0.7466557114,1.2370039000,0.9845400305
2020-04-29,1.2374265325,1.3289388740,0.8981982643,0.7493670519,1.1506189203,0.4717217074
2020-04-30,1.2113075668,1.5480758525,1.0319356558,0.9955030480,1.2445071482,0.4568792973
2020-05-01,1.0449117418,1.3453389500,0.8502620467,0.8083006005,1.1210243245,0.5321210202
2020-05-02,0.7455910961,1.0704417130,0.9732798530,0.6741904493,1.1241148817,0.6445627077
2020-05-03,1.0255449790,1.2504848677,0.9598954674,0.7052196804,0.8773723792,0.5217413370
2020-05-04,1.1794064024,1.3147381585,1.0283666982,0.8174666808,1.2611091307,0.7403222387
2020-05-05,0.9952289656,1.3527589380,0.9343534260,0.5650746100,1.1934850607,0.7287420844
2020-05-06,1.0156404870,1.2293436096,1.0164537528,0.5132092889,1.0437492364,0.4249716535
2020-05-07,0.9383283484,1.1700141467,0.7275048410,0.6281601330,1.0175687579,0.4241493796
2020-05-08,1.0088792775,1.1256844749,0.6963868992,0.3913951297,0.9808446816,0.6146729290
2020-05-09,0.6619059298,1.0571945611,0.6091333535,0.5285239899,0.8056982288,0.7149147068
2020-05-10,0.7133179616,1.0057546383,0.7510812543,0.4612615030,0.7481379951,0.4737639723
2020-05-11,0.7554235357,1.0743762092,0.9760606526,0.5511230760,0.9062194396,0.7163445362
2020-05-12,0.7298359558,0.9984663075,1.0140543200,0.4833395619,0.9054997972,0.5063035713
2020-05-13,0.7236061321,0.9321255267,1.2845863934,0.4229403901,0.8062505125,0.4019870237
2020-05-14,0.4917507750,0.9954199268,0.8693256196,0.5491364255,0.6764136371,0.4328845149
2020-05-15,0.5139762135,0.9600931737,1.0535257837,1.3925257712,1.0613051635,0.5701334987
2020-05-16,0.4963324018,0.8251460425,1.0707508508,0.4950008253,0.8878880839,0.5394402340
2020-05-17,0.3782719746,0.7073113061,0.7342693346,0.5458090984,0.6239243717,0.3072327652
2020-05-18,0.6393139250,1.0164698619,1.0083703656,0.8607694135,0.8043928310,0.2966603235
2020-05-19,0.5616298163,0.7874091251,0.6332277901,0.6849158629,0.5878027867,0.2877153498
2020-05-20,0.6217457683,0.8897592979,0.7134784879,1.2744512628,0.6552539194,0.2909654057
2020-05-21,0.4061976523,0.7038182041,0.5547027770,0.5353997997,0.4998446353,0.3326420051
2020-05-22,0.3490061238,0.6189715927,0.4296939182,0.5396604777,0.5570311014,0.3442407032
2020-05-23,0.3890014656,0.5611337376,0.4793574097,0.7339573915,0.4786441937,0.1823893816
2020-05-24,0.3239355193,0.5308776902,0.5656940860,0.7181266611,0.5008208944,0.2702279992
2020-05-25,0.4079962583,0.6160568692,0.6540234038,0.9921844671,0.5663697166,0.4322818394
2020-05-26,0.4137784570,0.6728064594,0.4531384422,0.8880539959,0.5251771631,0.3440350128
2020-05-27,0.3710757492,0.6185910805,0.4724753280,0.9216808662,0.6518621165,0.3452550037
2020-05-28,0.2770258568,0.5270170134,0.4070566206,0.7202170172,0.5071470531,0.1929610913
2020-05-29,0.2631413748,0.3614257123,0.5651697066,0.7618579605,0.4668861297,0.2620955394
2020-05-30,0.1659482000,0.3516541588,0.3668065329,0.6937620800,0.4627914203,0.1596155662
2020-05-31,0.2307889828,0.3103046586,0.2610026705,0.6719001787,0.3524295183,0.3110969646
2020-06-01,0.2033199367,0.3312990390,0.4324747178,0.7800876650,0.4915252346,0.2326115297
2020-06-02,0.2578896614,0.4584487141,0.4040104533,1.0971345878,0.6686481936,0.3686397906
2020-06-03,0.3491538311,0.3407433519,0.2647066956,1.0142500313,0.6060671990,0.3401725214
2020-06-04,0.2129326168,0.3677064467,0.4843946295,0.7005291862,0.5186724885,0.3054027788
2020-06-05,0.2569899081,0.3054927013,0.1983647627,0.5194691120,0.5123965375,0.2431856795
2020-06-06,0.1713467200,0.3127178670,0.3415044348,0.6457613563,0.4374605661,0.1990603142
2020-06-07,0.2106755779,0.2428908334,0.1767794019,0.3808746285,0.4154640550,0.1468056611
2020-06-08,0.2854352631,0.3815266500,0.3932892791,0.6803428184,0.6939807214,0.2637222754
2020-06-09,0.3457790806,0.3862176044,0.4780321600,0.6674233431,0.8279401994,0.2409506560
2020-06-10,0.2163857242,0.3091638830,0.4818728415,0.7118830810,0.8173408154,0.2210208836
2020-06-11,0.1885393040,0.1978054644,0.3387284023,0.5197777300,0.7819835018,0.1669362440
2020-06-12,0.2204377665,0.2588731070,0.4034860739,0.5289488083,0.7823572695,0.1492439350
2020-06-13,0.1939405260,0.2089643653,0.3761961014,0.5187369251,0.7700340910,0.2496931113
2020-06-14,0.2048267308,0.2450521427,0.4004303724,0.3811907433,0.8160521534,0.2378982386
2020-06-15,0.2628378545,0.4485576799,0.7132147092,0.7300003336,1.4737160380,0.3741224300
2020-06-16,0.2666710378,0.4830571994,0.5931000576,0.6726286172,4.3104905451,0.2781579405
2020-06-17,0.3502066956,0.4558536209,0.5899220010,0.6851157774,1.8321704693,0.1917411003
2020-06-18,0.2704186591,0.3388461180,0.4299592859,0.6070366659,1.5656238546,0.2191908971
2020-06-19,0.3724987825,0.4933340730,0.4704906316,0.4827060828,1.5754143383,0.2799879270
2020-06-20,0.3213803639,0.5416568399,0.3952707974,0.4966626146,1.1976188205,0.2529448752
2020-06-21,0.2292164409,0.4098748092,0.3261428212,0.3442277996,0.8941584563,0.2084159369
2020-06-22,0.4311160463,0.5160963131,0.4638580273,0.3692133651,1.1043609771,0.3277700932
2020-06-23,0.3850268796,0.4347374766,0.2772806767,0.4468926475,1.0956304318,0.3462749162
2020-06-24,0.4772682588,0.4817231236,0.4992139077,0.4221069965,1.1794269304,0.2988985190
2020-06-25,0.2740239770,0.4641617244,0.4013615430,0.3138195529,1.1231720944,0.3519681260
2020-06-26,0.3852520431,0.5602988939,0.3813667995,0.3697418891,0.9803760773,0.3111001366
2020-06-27,0.2406997793,0.4659394774,0.3254917963,0.2693598150,0.8493453765,0.2606713220
2020-06-28,0.2436269048,0.4445067470,0.4071837428,0.2369857840,0.7288917451,0.2210225915
2020-06-29,0.2847561700,0.6152859515,0.6447482455,0.3094472976,0.9400091601,0.2381007571
2020-06-30,0.2926341905,0.5674707879,0.4993521531,0.3170556691,1.0607975088,0.2633147984
2020-07-01,0.2944418030,0.5199090454,0.4711516674,0.3311084098,0.9568287089,0.4113419144
2020-07-02,0.2999213819,0.4746227659,0.5368214412,0.2480189409,0.6835654320,0.1775111257
2020-07-03,0.3041211315,0.6449681865,0.4871754290,0.2234456990,0.6639007853,0.3540023390
2020-07-04,0.3054748144,0.4483065418,0.4010925205,0.1675287355,0.6519569531,0.2885278637
2020-07-05,0.2352174985,0.4256691098,0.4978902471,0.1512890550,0.6244320264,0.2795828900
2020-07-06,0.4420716015,0.4997974534,0.4451869444,0.1934635202,0.8103396433,0.4674517390
2020-07-07,0.3406750744,0.6319013974,0.5222659417,0.1482690964,0.8194551136,0.3659980222
2020-07-08,0.3689646163,0.5479375744,0.5426579423,0.1586821435,0.7610636649,0.4629792521
2020-07-09,0.3330132109,0.5607532254,0.6281953373,0.3211126842,0.7233633296,0.4231416671
2020-07-10,0.4359192340,0.5442595434,0.6305804689,0.3647440263,0.8847696335,0.6648950771
2020-07-11,0.4327642431,0.5409589806,0.4474433646,0.2502005080,0.8216809842,0.5581385475
2020-07-12,0.3772209114,0.5486323897,0.3845448562,0.2713389687,0.7977877412,0.3476901057
2020-07-13,0.7575283641,0.7163804340,0.7595555424,0.4715695951,1.0392193944,0.6386579514
2020-07-14,0.5359584755,0.6031118440,0.6178730093,0.5463326245,1.1369847653,0.4932813877
2020-07-15,0.6438207976,0.6910710452,0.7484323441,0.5158169238,1.2086700730,0.4453040230
2020-07-16,0.5805462521,0.6020311894,0.6277980803,0.4047269286,0.9931845961,0.3251275928
2020-07-17,0.7163198413,0.5662021602,0.7288396248,0.5623632694,1.0768527863,0.3460706897
2020-07-18,0.5948009028,0.6066658280,0.5223882969,0.3400633304,1.1218220676,0.3566358115
2020-07-19,0.5280804551,0.6170028226,0.6700455765,0.3903493269,1.1282207483,0.3735221944
2020-07-20,0.5888025472,0.8708021798,0.8286782748,0.5014480683,1.4976929604,0.4835312199
2020-07-21,0.6327814816,0.8601531653,0.9254707576,0.4302372698,1.5984094230,0.3139451556
2020-07-22,0.6883248133,1.0735923541,0.7910755084,0.4221107449,1.6170029740,0.5496059307
2020-07-23,0.7735924287,0.8575451346,0.8747600964,0.4311743691,1.4285905553,0.3922344159
2020-07-24,0.6199471622,0.7654025823,0.9653299443,0.6060995667,1.4693479761,0.5687280691
2020-07-25,0.5514227046,0.7471988784,0.9750118939,0.5260250585,1.3501941640,0.4160095999
2020-07-26,0.5703391404,0.6820681264,0.8143770199,0.4731351756,1.3779478142,0.4097137145
2020-07-27,0.6767667206,0.8548815492,1.0900734354,0.7799752131,1.9586601709,0.5247986344
2020-07-28,0.6022403048,0.8473344702,1.0624036850,0.7120867439,1.6701951458,0.6638946845
2020-07-29,0.5419748442,0.7922210825,1.0127401936,0.6134914057,1.7192089289,0.6177229064
2020-07-30,0.5732725704,0.8363658253,1.2634046457,0.6246291430,1.6246345305,1.0142102108
2020-07-31,0.5782946171,0.8191765670,1.0347275786,0.7463433449,1.6643989564,0.7399318415
2020-08-01,0.5587116973,0.8682070866,1.2101769637,0.6015177760,1.8437349552,0.7935943642
2020-08-02,0.6025402225,0.8674384520,1.7003985601,0.7570675090,1.8535644892,1.0459397359
2020-08-03,0.7684803166,1.0911415769,1.6961558544,1.0557985142,2.2808312372,1.1130221592
2020-08-04,0.7884505176,1.0059220636,1.9321265617,0.7886252641,2.1112689861,1.0408645734
2020-08-05,0.7887504354,0.9741774525,1.7868623587,0.8777583986,1.9770082625,1.1579666264
2020-08-06,0.9576203569,0.9351673413,1.6226728283,0.8203779359,2.0717444410,1.2498880658
2020-08-07,1.0125602504,1.1687812871,1.7375977133,0.9718681549,2.0840787769,1.2029184136
2020-08-08,0.9399855517,1.2647464651,1.7011819511,0.7082346412,1.9472909369,1.1396740819
2020-08-09,1.1494623591,1.3711605082,1.6984170418,0.7598913015,1.8867405611,1.2000563148
2020-08-10,1.5725265587,1.9748202898,2.2074352542,1.1756347692,2.4658909033,1.4759938717
2020-08-11,1.3911951886,1.8065197418,2.2432996237,1.2439555535,2.3169137718,1.5597584515
2020-08-12,1.5849681930,1.8424172631,2.4127329476,1.1762632504,2.2528042344,1.5630280273
2020-08-13,1.7983925668,2.1476261023,2.3660631855,1.0052913623,2.2035951995,1.7106469344
2020-08-14,1.6907346932,2.1161349123,2.2124565838,1.1314948945,2.1059525583,1.4147820450
2020-08-15,1.7990140180,2.0323917863,2.6806907951,0.8992991872,1.5327546070,1.4198669673
2020-08-16,1.9740354063,2.0099697242,2.2129332923,0.9374116393,1.3508747560,1.5764406080
2020-08-17,2.3377194883,2.3702637931,2.3039687254,1.4152285629,1.8000543358,1.7464243895
2020-08-18,2.2224087577,2.4747752752,2.5304799469,1.2867497536,1.9171496360,1.5022065977
2020-08-19,2.5018546717,2.1404724729,2.4428132539,1.0340365701,1.5895896197,1.4802565202
2020-08-20,2.0752689150,1.9734123946,1.8920131305,0.9915597343,1.3655353777,1.2633006465
2020-08-21,2.1371258312,2.1725039902,2.0017784405,0.9817714200,1.2810861802,1.1842037522
2020-08-22,2.0933000079,2.0897349755,1.4252265239,0.9634505045,1.3153166120,1.1797385852
2020-08-23,2.0775385631,2.2564853168,1.7112516236,1.0171687832,1.3169288341,1.2187612163
2020-08-24,2.5550653096,2.5803445812,2.0508953062,1.3853450918,1.5663992833,1.5009963666
2020-08-25,2.4450954572,2.4796838826,1.5266542023,1.1834601728,1.4385149259,1.5813034920
2020-08-26,2.1770608292,2.1260206193,1.5040153157,0.9774982473,1.2876187480,1.3911874196
2020-08-27,2.1151408672,2.2192232787,1.6212172783,0.9985317529,1.3554882774,1.2171361883
2020-08-28,1.9117912090,2.0308469068,1.6042623460,0.9676074769,1.3201086493,1.2496611475
2020-08-29,1.7109183491,1.7529337301,1.4110682815,0.8020445257,1.1114793002,0.7905614667
2020-08-30,1.7644171963,1.9809921977,1.5009755045,0.8373419317,1.0640052171,0.9247458332
2020-08-31,2.3734304190,2.5859228901,1.7019764652,1.1322283309,1.5208163534,1.3633325859
2020-09-01,2.5290814419,3.1850013048,1.6255871062,1.4018005550,1.4343086440,1.3076107185
2020-09-02,2.1539590543,2.9141374972,1.5461197994,1.0443534084,1.3897131305,1.1695736205
2020-09-03,2.0315962030,2.5560679026,1.5310287973,1.0476769871,1.3713650389,1.4696743185
2020-09-04,2.0775385631,2.6772077680,1.5571206425,1.3027803985,1.3125273004,1.0546895111
2020-09-05,1.8981553075,2.4096772473,1.4379435177,0.9833257553,1.2867261683,1.0532670016
2020-09-06,1.8837628567,2.6256255335,1.4510530014,1.1777213769,1.6555679959,1.2460158145
2020-09-07,2.3850398490,3.1164330055,1.8152106241,1.4745819319,2.0604979367,1.6097780812
2020-09-08,2.2326762132,3.1039750360,1.6760276326,1.3732627585,2.0511035353,1.2051461171
2020-09-09,2.2032068146,3.0071422902,1.7734986304,1.5816111635,1.9945920827,1.3285628433
2020-09-10,2.2418538774,2.9735506728,1.5872962905,1.2913227981,2.2397725707,1.4739613668
2020-09-11,2.1008024557,3.0183369592,1.8137487181,1.5883832676,2.2371506178,1.1888885175
2020-09-12,2.3270737581,2.6704727019,1.6372235607,1.4255279086,2.1123958680,1.2051558770
2020-09-13,2.2191303771,2.8040781472,1.7790443393,1.4924867753,2.1819389844,1.2199812073
2020-09-14,2.5709798656,3.6669732834,2.2348412259,2.0361542895,2.9962338715,1.4631839666
2020-09-15,2.6916314744,3.2170632631,2.0199251441,2.2310709383,2.7006282088,1.3383300910
2020-09-16,2.2415476550,2.9762142582,2.0091833125,1.7136422038,2.8032414032,1.3899918285
2020-09-17,2.1753766062,2.8253259487,1.7824925308,1.8409752530,2.3962194787,1.3094504648
2020-09-18,2.0234272712,2.5564864660,1.9504051546,1.3801473145,2.5660550822,1.4709113894
2020-09-19,1.8385950590,2.1157239591,1.8295118791,1.3285981082,2.2335412486,1.0676872948
2020-09-20,2.0115206255,2.0830227402,2.1913971913,1.4345865349,2.4468510625,1.0046625615
2020-09-21,2.4521205583,2.7411566490,2.9228110420,2.1517298665,3.4972946467,1.7488497315
2020-09-22,2.6626033962,2.5597436504,2.7609049453,2.0096531221,3.4941036742,1.8578437245
2020-09-23,2.6045562464,2.4373709255,2.6876825198,1.8024667202,3.2083052310,2.0991896576
2020-09-24,2.6214164892,2.4738163844,2.4289092560,1.9422944263,3.2763253832,1.7494670469
2020-09-25,2.5251635970,2.2615362358,2.9907737837,2.2780883325,3.6940917360,1.6663197826
2020-09-26,2.2312351668,2.1170253108,2.7514025559,1.7676815952,3.0918961015,1.4680639305
2020-09-27,2.1891385992,2.0656866042,2.4802825419,1.9934600466,2.9636881840,1.9660154436
2020-09-28,2.9559554079,2.9172424768,3.8614659676,2.7095288377,4.0188289689,2.1112114486
2020-09-29,3.0466872910,2.7747254357,4.1657490028,2.6873633163,4.4954776891,2.4822668213
2020-09-30,3.2425615212,2.9557274811,4.0227841238,2.7172130518,4.3021783966,2.4967359142
2020-10-01,3.6530075584,3.1175136602,4.1212720998,2.9177148122,4.6140234313,2.9173887997
2020-10-02,4.2698294513,3.4878737990,4.8175843146,2.9055700056,5.1477303093,2.8651487864
2020-10-03,4.1689471976,3.5430404584,4.4637394858,3.2614053415,5.1130870594,3.2516907245
2020-10-04,4.4724495798,3.7142328992,4.9297538246,2.8304771172,5.0158516577,3.4805122303
2020-10-05,5.7883230750,5.1113443397,5.9739043411,4.5851892584,7.1836488324,4.1168351190
2020-10-06,5.9621222758,5.3696360241,6.6604917026,4.4018301674,7.2610243356,4.4955447150
2020-10-07,6.3237618732,5.1588322628,7.2002051753,4.3756538610,7.6270935875,4.9581164901
2020-10-08,6.3866275218,5.3765613462,7.2194800890,4.9340650704,7.5290771786,4.1176891126
2020-10-09,6.8791051246,5.9536461555,7.5669052434,5.4910643836,7.9575154374,5.0817259749
2020-10-10,7.0583352690,6.1732777999,7.4180609596,4.5727195908,7.7561829275,4.9018505067
2020-10-11,6.9847518379,6.4749478755,8.3738456106,4.6799362423,7.9329137093,5.0418078705
2020-10-12,9.0111332542,8.8214905378,11.7522946364,6.6184822715,11.1367169914,6.6550507260
2020-10-13,9.3397818958,9.8519936899,12.0813824038,6.4621741128,11.6036477501,7.7182728539
2020-10-14,9.9628543274,10.6399583628,12.7581495702,6.9845757208,12.5630035753,8.6267269277
2020-10-15,10.3871524230,11.0097401231,13.5273981854,7.4534752077,12.8489080124,8.5811480652
2020-10-16,11.5834911204,12.2636800416,14.6068251309,6.9943215532,14.2620290457,9.8143149348
2020-10-17,11.3838161304,12.2012760401,14.8331027653,6.5385914348,13.8704096997,9.4865277617
2020-10-18,12.9294284459,13.5055196720,16.0852570905,8.3231907955,15.6297400864,11.0459934155
2020-10-19,16.6107615723,17.3556182589,22.0847924586,11.2793016886,21.0950614123,13.6834674876
2020-10-20,17.6430011124,18.9771329669,23.2087121974,12.2306448705,22.4694110145,14.9001644792
2020-10-21,17.9098648902,19.8168472996,23.6665112597,12.8432579018,24.1698311407,16.5926091483
2020-10-22,17.4848462714,19.8440158710,22.8643697580,12.3699602957,23.1129609826,15.5015224267
2020-10-23,18.8112394053,20.3438567028,24.7982172373,13.9465361125,24.2145716984,15.9466727308
2020-10-24,17.9813768171,19.7735450108,23.4845675157,12.1599251120,22.8699003714,16.4286423623
2020-10-25,18.4812397826,21.0768754134,22.4361266227,12.9094795838,23.8683623450,16.5508854572
2020-10-26,21.9556926871,24.8147229000,27.2070252849,17.0403381254,28.8383019341,19.0718747918
2020-10-27,21.7316099740,24.2532390911,26.6275066525,15.3812975726,27.4231725965,18.7495531783
2020-10-28,21.1333055271,24.1637426206,25.4184149951,15.9575511522,27.0083461781,18.0556223162
2020-10-29,19.5095164452,22.3288366684,22.6960916577,14.7856772748,25.2973824542,16.8561271972
2020-10-30,20.1044884722,23.7075084875,23.7356339921,15.4688851180,24.8096992174,17.8245560270
2020-10-31,18.8986028425,21.9923116748,21.4803260813,13.4592444906,21.8051085684,17.1829139777
2020-11-01,20.1671739900,23.7253164587,22.5648379175,14.0975965153,22.3840022939,18.1417536785
2020-11-02,23.3472931700,28.6499054085,29.2219132092,18.5635617569,30.1192095984,21.2846944081
2020-11-03,22.6240680145,27.2827250579,26.7253907977,16.3042778832,25.5194116561,19.3275848986
2020-11-04,21.2196782450,26.7834169433,24.5546191941,15.1701378698,24.2626594301,18.8093327357
2020-11-05,18.8452841262,24.4950926483,22.7170668317,14.6423635593,22.2568654721,18.1017379747
2020-11-06,18.5444656929,23.7633676791,21.9359005039,14.0803538887,22.1615268022,18.2708287228
2020-11-07,17.5527555824,22.5292904977,20.5367610581,13.2600796584,19.5195466588,17.4436748470
2020-11-08,17.5502337512,21.8885840479,20.2389771488,12.3565910128,20.1335299240,18.5921743435
2020-11-09,22.1394261015,26.6847120774,25.6569281476,16.4149805439,25.6519597424,21.4479291995
2020-11-10,21.4787063330,26.0569430426,25.3168760847,15.7381449758,24.4266709510,21.3647258156
2020-11-11,20.2643545558,25.3422650202,24.8921288117,15.1117878217,24.4864180051,19.8553529910
2020-11-12,19.9156213301,24.9534576497,24.6788812096,13.9405386771,24.0409091594,19.4649558815
2020-11-13,20.8279838239,25.8323647395,25.4814994198,15.1057903864,25.0060667527,19.7533617461
2020-11-14,18.7852105049,23.6252417489,23.6501442679,12.3685858835,20.9417050615,17.6592472509
2020-11-15,18.9317469094,23.9748563624,23.1429264245,12.6224773131,21.1283100063,18.0453743920
2020-11-16,23.2354319442,29.1403095375,27.5146611699,16.9643706110,26.9682916638,20.8996652589
2020-11-17,21.4467331163,28.8475434475,25.8908331180,14.8312827727,25.2289885343,21.1707472518
2020-11-18,20.2875013634,27.7046369902,24.9331257427,15.3596818161,23.5520544117,19.7516537588
2020-11-19,18.8265505231,25.4288695979,22.5139890109,13.7684872506,21.2757530165,18.5955903182
2020-11-20,18.3774844428,24.4847427163,22.6158457270,13.4407523983,20.5418293533,18.3087704419
2020-11-21,16.6690338856,21.7293016391,19.3966332303,10.5078815671,17.2983062742,15.5967305218
2020-11-22,17.1970873210,21.7668201425,18.5252100934,10.1825206996,17.5525241317,15.0086216762
2020-11-23,21.5420223087,26.5620349427,22.8592848673,14.3899714884,22.3379228666,18.8476404521
2020-11-24,20.4028751397,25.8612836671,21.8389697757,11.6241542211,21.0067518076,18.2874693996
2020-11-25,20.5128449921,25.2320686858,20.4431672894,12.0188604348,19.6296686800,17.7077540918
2020-11-26,19.0603602994,23.8914480871,19.1765528064,10.1937658909,18.8544632054,16.8681319084
2020-11-27,19.4422375920,23.8314032613,19.7026800870,11.0419032061,18.7649263036,18.0122394374
2020-11-28,19.7570161621,22.8095757875,18.5212375226,9.6711143897,17.1967753327,16.5856551998
2020-11-29,18.8200658144,22.6334747393,17.7837694739,9.9298787356,16.9506464787,17.6445585597
2020-11-30,24.5212055830,28.0206143248,24.8562167714,13.9074278362,23.7285620485,21.4784289737
2020-12-01,25.3255796632,28.5523420793,25.1818086765,13.6274225734,23.4097437348,22.5415291025
2020-12-02,25.8683137587,28.7288997421,24.8187157028,12.9974419689,22.7684252160,21.6807034761
2020-12-03,25.9384747046,28.5645184698,25.4258834282,12.8797423002,23.5983011977,22.0593886723
2020-12-04,26.6644918875,29.2416018864,25.6485062975,14.3915957938,24.0788995831,23.2449758942
2020-12-05,25.7732046971,28.5759338359,24.9207313217,12.1874133574,22.0031496906,22.5029773880
2020-12-06,26.2923416580,28.7335419910,24.4394146401,12.2766252081,22.3942669605,23.9384187599
2020-12-07,32.1711804593,34.1925222807,30.1608700502,16.7522113356,29.6744259736,27.7325906679
2020-12-08,31.4069755472,34.4735685949,30.8354125769,17.1431691523,28.6718358189,28.1788633637
2020-12-09,31.7460717751,32.7527402016,30.6239129060,16.3823694892,27.9576604816,25.7767011493
2020-12-10,29.9877249867,31.9729945922,29.2403459378,15.0654326444,28.0461374450,25.2791888329
2020-12-11,30.2215347630,32.4925459562,27.9303509814,16.2674186451,26.7797899872,24.9336873910
2020-12-12,28.5403740218,30.9883812120,27.7492017516,14.2962615611,24.7951947972,22.5104681325
2020-12-13,27.4359920969,28.5988406706,26.4307849450,14.7984218249,24.0787880106,22.8377429094
2020-12-14,34.2109816201,34.1348366305,33.7315756138,19.3838359871,31.7078899025,26.6404547541
2020-12-15,33.7729035184,32.5016021466,32.2323273831,18.7128729077,29.5771905719,25.0561744841
2020-12-16,31.4806490437,30.9233897275,30.2490611226,17.7977642311,28.3148039365,24.5147424928
2020-12-17,28.3566406074,27.9416960936,26.7946724329,16.2661691794,26.4818915103,23.5372857299
2020-12-18,26.9048764379,28.1744173578,26.2258002903,16.7793247413,25.4176017834,23.1354207053
2020-12-19,24.7682549730,26.0070959438,23.1481702180,14.6577319874,21.5950176201,20.5185888804
2020-12-20,23.0938491367,24.9810067333,23.7634419879,15.3180746083,20.2121885106,19.7182992057
2020-12-21,25.6636851717,27.7537991670,26.0904150764,16.5204354488,25.1062030385,21.5530436213
2020-12-22,22.5022095294,26.1174444831,24.0499437961,14.6897183092,21.7752629345,20.4215507988
2020-12-23,20.1768109878,23.6428975152,21.5610169400,13.7707362889,19.7395117701,18.2742446975
2020-12-24,18.1514202908,22.0631630473,18.8239156391,12.5109000264,16.8116829758,16.5160425152
2020-12-25,16.6372407997,19.4374005294,17.2123231054,10.4241673654,15.1997955992,15.5670115418
2020-12-26,18.5907593081,21.4710099547,18.8034171736,12.5236445765,16.2470147393,16.1511432169
2020-12-27,20.0400917118,23.2284436221,20.3633980672,15.2337356738,17.7299801345,17.7956422411
2020-12-28,22.7139532829,27.8163553734,26.4075851314,17.4425411333,22.6098807458,22.3207839369
2020-12-29,18.5966135590,24.1239410440,20.9386263231,14.4260810471,18.7353038146,18.6894808231
2020-12-30,16.6367004073,20.7026797115,17.9699718138,13.6712788194,16.5501571219,16.1397973009
2020-12-31,15.2772532719,18.0024890064,16.9795622354,12.0549699935,14.9591895823,14.5009346351
2021-01-01,15.2571686879,17.8823232523,17.3059486547,12.4747904677,15.6093781118,15.4543575759
2021-01-02,16.8381767053,18.8782758962,18.3653538432,13.0797817583,17.0340468950,16.0669638402
2021-01-03,17.5673461771,19.8982008089,20.7856028948,14.9421103800,18.1157977124,16.8813078108
2021-01-04,20.5195098317,24.7460023959,23.4415048480,18.0046757505,22.4146847213,20.2908897663
2021-01-05,20.1182684783,23.4164927536,21.3835542559,17.3162201514,19.3811410181,17.8463938653
2021-01-06,17.7364889968,20.4093809044,19.0961479729,16.1582153432,17.4971841900,15.9405971758
2021-01-07,16.2769792029,19.6787974718,16.5298672176,13.1652452120,16.0924310915,15.6057584550
2021-01-08,16.4136984789,19.1557453956,15.9814935404,13.8165916800,15.8439592158,14.9698259634
2021-01-09,14.0657835874,16.7067688479,14.8982847075,11.5720515015,13.7754615334,13.1135121076
2021-01-10,14.5132284906,16.7284580435,15.4873851808,11.7001217354,14.1129124485,12.3178095989
2021-01-11,16.9317546550,20.1877705965,19.1005972522,14.8563970332,18.3010637877,15.4123898867
2021-01-12,15.1713363625,17.9706020837,17.2713078371,14.3807254423,16.7310160848,14.6040970713
2021-01-13,14.1164904072,16.9725185715,16.3401372348,14.1118404242,16.2390373082,14.2743823125
2021-01-14,13.2714968320,16.3002296087,15.1773339728,12.6051097399,14.7887626446,14.7746274087
2021-01-15,13.0735330846,15.9883618059,15.4993505641,12.5170224083,14.4604606715,13.9901976166
2021-01-16,11.8824181803,14.0507175585,14.2581446442,10.9228291252,13.3595751767,12.8355981652
2021-01-17,11.4395666125,14.0570340611,15.5146370167,10.7165423386,12.4767022750,13.4173386580
2021-01-18,14.4632421941,16.9186380433,17.4958375403,14.4310789099,17.0704195180,16.5830444191
2021-01-19,13.1112704868,16.0726833104,16.8770699080,14.2206688865,15.0953637736,16.0419540254
2021-01-20,12.5259354575,15.0731538518,15.4591799279,13.1071450571,14.7108850653,14.5195516972
2021-01-21,11.1505467465,13.5377871069,12.8056615173,10.9247033237,12.9777742075,13.0835003298
2021-01-22,11.0511145458,13.5603134294,12.8150050039,10.7970079295,12.6297796946,12.6619202511
2021-01-23,10.6108748746,12.4212881967,12.3444937149,9.4733489592,10.9112848294,11.2418507653
2021-01-24,10.0308537038,11.6658953684,11.8450621104,9.5846763528,10.5820344904,9.7611965281
2021-01-25,11.8125274305,14.9927135718,14.5236394978,12.5992372512,13.7613476168,13.2008390610
2021-01-26,10.8472965474,13.1598623855,13.3133878497,12.1161938126,12.4465777099,11.7886019172
2021-01-27,9.9580808613,12.3416089411,11.9861519359,10.7065466130,11.9107509552,10.9436117735
2021-01-28,9.6312335276,12.2129197135,11.3924591707,10.6498208704,10.9959683290,10.5441867308
2021-01-29,9.9969891137,11.4876634519,11.3007722360,9.2455463732,10.5861068853,9.9649594194
2021-01-30,8.1772177231,10.0814425492,9.9834200784,8.7616532980,9.0295594506,8.2477977333
2021-01-31,7.9062829893,9.6175220695,10.2597679955,7.8153079789,8.8003338248,8.3074064920
2021-02-01,9.5661162440,12.0620085732,13.0445719269,11.0928814066,12.0779980776,10.7705194551
2021-02-02,8.7129267175,11.4252594503,11.0349277961,11.3032914300,11.0624655171,9.0831987480
2021-02-03,8.6839256589,10.0620364267,9.7268396737,10.2096341052,9.9503669897,8.6632046576
2021-02-04,7.2821477860,9.1366307456,9.2067030300,9.6966034899,8.6772693978,8.1281166194
2021-02-05,7.9865943057,8.8445495774,8.4907027541,9.1183507653,8.5664221556,8.3671860494
2021-02-06,6.9108081451,8.0866453686,7.7334354125,7.8935994995,7.6072894753,7.0117028854
2021-02-07,6.4289762725,7.4416771821,7.3983252277,8.1869990345,6.8335344427,6.5420795624
2021-02-08,7.5529474217,9.2527630703,9.4844016212,10.5085063000,9.1960813519,8.1536388305
2021-02-09,7.3349261099,9.3042844228,8.4218978274,10.7465295153,8.8363159442,7.1360199649
2021-02-10,6.3283371955,8.4092436156,8.1332349407,10.3894322190,8.8595788028,7.4512656308
2021-02-11,5.8986982217,7.6788123879,7.6437506535,9.7184691396,7.7653876557,6.5778008980
2021-02-12,6.1555917598,7.5640499071,7.8538201989,10.1831454324,7.7259467900,6.9809103133
2021-02-13,5.7469560372,7.5460897310,7.5253521525,8.2954526571,7.3871570053,6.8032064291
2021-02-14,5.8231153387,7.1374196235,8.3859063357,8.4683537202,7.7811193731,6.4547282092
2021-02-15,7.7180643180,9.7283272234,9.9600295814,11.1201197588,9.9892499932,7.9644182314
2021-02-16,7.3212361692,9.0192807817,9.2885062085,10.9013383152,9.2974449348,9.0173192358
2021-02-17,6.9281007018,9.0436335628,9.2839774777,10.3978036392,9.7879174832,8.4268436076
2021-02-18,7.2762935350,8.7319179649,8.1721025737,10.0217144644,9.3273463550,8.4885263510
